raceId,driverId,lap,position,time,milliseconds,seconds,code,surname,grid,finish_position,total_laps
1028,1,1,3,1:43.228,103228,103.228,HAM,Hamilton,5,2,56
1028,1,2,3,1:41.043,101043,101.043,HAM,Hamilton,5,2,56
1028,1,3,3,1:41.259,101259,101.259,HAM,Hamilton,5,2,56
1028,1,4,3,1:41.231,101231,101.231,HAM,Hamilton,5,2,56
1028,1,5,3,1:40.861,100861,100.861,HAM,Hamilton,5,2,56
1028,1,6,3,1:40.945,100945,100.945,HAM,Hamilton,5,2,56
1028,1,7,3,1:41.368,101368,101.368,HAM,Hamilton,5,2,56
1028,1,8,3,1:41.367,101367,101.367,HAM,Hamilton,5,2,56
1028,1,9,3,1:41.614,101614,101.614,HAM,Hamilton,5,2,56
1028,1,10,3,1:41.321,101321,101.321,HAM,Hamilton,5,2,56
1028,1,11,3,1:41.761,101761,101.761,HAM,Hamilton,5,2,56
1028,1,12,3,1:41.578,101578,101.578,HAM,Hamilton,5,2,56
1028,1,13,3,1:41.424,101424,101.424,HAM,Hamilton,5,2,56
1028,1,14,2,1:40.350,100350,100.35,HAM,Hamilton,5,2,56
1028,1,15,1,1:40.647,100647,100.647,HAM,Hamilton,5,2,56
1028,1,16,1,1:41.193,101193,101.193,HAM,Hamilton,5,2,56
1028,1,17,1,1:41.183,101183,101.183,HAM,Hamilton,5,2,56
1028,1,18,1,1:40.863,100863,100.863,HAM,Hamilton,5,2,56
1028,1,19,1,1:40.986,100986,100.986,HAM,Hamilton,5,2,56
1028,1,20,1,1:41.899,101899,101.899,HAM,Hamilton,5,2,56
1028,1,21,1,1:41.446,101446,101.446,HAM,Hamilton,5,2,56
1028,1,22,1,1:41.898,101898,101.898,HAM,Hamilton,5,2,56
1028,1,23,1,1:41.616,101616,101.616,HAM,Hamilton,5,2,56
1028,1,24,2,1:43.383,103383,103.383,HAM,Hamilton,5,2,56
1028,1,25,3,1:59.288,119288,119.288,HAM,Hamilton,5,2,56
1028,1,26,3,1:38.446,98446,98.446,HAM,Hamilton,5,2,56
1028,1,27,3,1:38.998,98998,98.998,HAM,Hamilton,5,2,56
1028,1,28,3,1:39.347,99347,99.347,HAM,Hamilton,5,2,56
1028,1,29,3,1:39.448,99448,99.448,HAM,Hamilton,5,2,56
1028,1,30,3,1:39.335,99335,99.335,HAM,Hamilton,5,2,56
1028,1,31,3,1:39.418,99418,99.418,HAM,Hamilton,5,2,56
1028,1,32,3,1:39.189,99189,99.189,HAM,Hamilton,5,2,56
1028,1,33,3,1:39.303,99303,99.303,HAM,Hamilton,5,2,56
1028,1,34,3,1:39.497,99497,99.497,HAM,Hamilton,5,2,56
1028,1,35,2,1:39.361,99361,99.361,HAM,Hamilton,5,2,56
1028,1,36,1,1:39.763,99763,99.763,HAM,Hamilton,5,2,56
1028,1,37,1,1:40.096,100096,100.096,HAM,Hamilton,5,2,56
1028,1,38,1,1:39.234,99234,99.234,HAM,Hamilton,5,2,56
1028,1,39,1,1:39.222,99222,99.222,HAM,Hamilton,5,2,56
1028,1,40,1,1:39.162,99162,99.162,HAM,Hamilton,5,2,56
1028,1,41,1,1:39.106,99106,99.106,HAM,Hamilton,5,2,56
1028,1,42,1,1:39.213,99213,99.213,HAM,Hamilton,5,2,56
1028,1,43,1,1:39.037,99037,99.037,HAM,Hamilton,5,2,56
1028,1,44,1,1:39.239,99239,99.239,HAM,Hamilton,5,2,56
1028,1,45,1,1:38.968,98968,98.968,HAM,Hamilton,5,2,56
1028,1,46,1,1:39.689,99689,99.689,HAM,Hamilton,5,2,56
1028,1,47,1,1:39.289,99289,99.289,HAM,Hamilton,5,2,56
1028,1,48,1,1:38.842,98842,98.842,HAM,Hamilton,5,2,56
1028,1,49,1,1:38.791,98791,98.791,HAM,Hamilton,5,2,56
1028,1,50,1,1:39.992,99992,99.992,HAM,Hamilton,5,2,56
1028,1,51,1,1:40.978,100978,100.978,HAM,Hamilton,5,2,56
1028,1,52,2,1:41.081,101081,101.081,HAM,Hamilton,5,2,56
1028,1,53,2,1:40.437,100437,100.437,HAM,Hamilton,5,2,56
1028,1,54,2,1:40.137,100137,100.137,HAM,Hamilton,5,2,56
1028,1,55,2,1:40.928,100928,100.928,HAM,Hamilton,5,2,56
1028,1,56,2,1:40.503,100503,100.503,HAM,Hamilton,5,2,56
1028,807,1,13,1:50.500,110500,110.5,HUL,Hülkenberg,11,9,56
1028,807,2,12,1:44.332,104332,104.332,HUL,Hülkenberg,11,9,56
1028,807,3,12,1:43.768,103768,103.768,HUL,Hülkenberg,11,9,56
1028,807,4,12,1:43.395,103395,103.395,HUL,Hülkenberg,11,9,56
1028,807,5,12,1:43.268,103268,103.268,HUL,Hülkenberg,11,9,56
1028,807,6,12,1:43.410,103410,103.41,HUL,Hülkenberg,11,9,56
1028,807,7,12,1:43.341,103341,103.341,HUL,Hülkenberg,11,9,56
1028,807,8,11,1:43.865,103865,103.865,HUL,Hülkenberg,11,9,56
1028,807,9,10,1:43.093,103093,103.093,HUL,Hülkenberg,11,9,56
1028,807,10,10,1:43.262,103262,103.262,HUL,Hülkenberg,11,9,56
1028,807,11,10,1:43.463,103463,103.463,HUL,Hülkenberg,11,9,56
1028,807,12,10,1:43.207,103207,103.207,HUL,Hülkenberg,11,9,56
1028,807,13,10,1:43.307,103307,103.307,HUL,Hülkenberg,11,9,56
1028,807,14,10,1:42.953,102953,102.953,HUL,Hülkenberg,11,9,56
1028,807,15,10,1:42.952,102952,102.952,HUL,Hülkenberg,11,9,56
1028,807,16,10,1:43.272,103272,103.272,HUL,Hülkenberg,11,9,56
1028,807,17,10,1:43.091,103091,103.091,HUL,Hülkenberg,11,9,56
1028,807,18,10,1:43.124,103124,103.124,HUL,Hülkenberg,11,9,56
1028,807,19,8,1:42.476,102476,102.476,HUL,Hülkenberg,11,9,56
1028,807,20,6,1:42.951,102951,102.951,HUL,Hülkenberg,11,9,56
1028,807,21,5,1:42.797,102797,102.797,HUL,Hülkenberg,11,9,56
1028,807,22,5,1:43.954,103954,103.954,HUL,Hülkenberg,11,9,56
1028,807,23,5,1:43.168,103168,103.168,HUL,Hülkenberg,11,9,56
1028,807,24,6,1:44.548,104548,104.548,HUL,Hülkenberg,11,9,56
1028,807,25,7,1:44.574,104574,104.574,HUL,Hülkenberg,11,9,56
1028,807,26,8,1:44.190,104190,104.19,HUL,Hülkenberg,11,9,56
1028,807,27,10,1:46.077,106077,106.077,HUL,Hülkenberg,11,9,56
1028,807,28,15,2:01.317,121317,121.317,HUL,Hülkenberg,11,9,56
1028,807,29,14,1:40.861,100861,100.861,HUL,Hülkenberg,11,9,56
1028,807,30,13,1:41.295,101295,101.295,HUL,Hülkenberg,11,9,56
1028,807,31,13,1:40.454,100454,100.454,HUL,Hülkenberg,11,9,56
1028,807,32,13,1:39.949,99949,99.949,HUL,Hülkenberg,11,9,56
1028,807,33,13,1:39.825,99825,99.825,HUL,Hülkenberg,11,9,56
1028,807,34,13,1:40.014,100014,100.014,HUL,Hülkenberg,11,9,56
1028,807,35,13,1:40.288,100288,100.288,HUL,Hülkenberg,11,9,56
1028,807,36,13,1:40.670,100670,100.67,HUL,Hülkenberg,11,9,56
1028,807,37,13,1:40.037,100037,100.037,HUL,Hülkenberg,11,9,56
1028,807,38,13,1:40.195,100195,100.195,HUL,Hülkenberg,11,9,56
1028,807,39,12,1:40.137,100137,100.137,HUL,Hülkenberg,11,9,56
1028,807,40,12,1:58.194,118194,118.194,HUL,Hülkenberg,11,9,56
1028,807,41,12,1:41.514,101514,101.514,HUL,Hülkenberg,11,9,56
1028,807,42,12,1:39.346,99346,99.346,HUL,Hülkenberg,11,9,56
1028,807,43,11,1:39.629,99629,99.629,HUL,Hülkenberg,11,9,56
1028,807,44,12,1:41.390,101390,101.39,HUL,Hülkenberg,11,9,56
1028,807,45,12,1:41.963,101963,101.963,HUL,Hülkenberg,11,9,56
1028,807,46,12,1:39.691,99691,99.691,HUL,Hülkenberg,11,9,56
1028,807,47,11,1:38.437,98437,98.437,HUL,Hülkenberg,11,9,56
1028,807,48,11,1:39.519,99519,99.519,HUL,Hülkenberg,11,9,56
1028,807,49,11,1:39.671,99671,99.671,HUL,Hülkenberg,11,9,56
1028,807,50,11,1:39.747,99747,99.747,HUL,Hülkenberg,11,9,56
1028,807,51,11,1:39.484,99484,99.484,HUL,Hülkenberg,11,9,56
1028,807,52,11,1:40.829,100829,100.829,HUL,Hülkenberg,11,9,56
1028,807,53,10,1:40.206,100206,100.206,HUL,Hülkenberg,11,9,56
1028,807,54,9,1:40.154,100154,100.154,HUL,Hülkenberg,11,9,56
1028,807,55,9,1:40.961,100961,100.961,HUL,Hülkenberg,11,9,56
1028,817,1,7,1:46.886,106886,106.886,RIC,Ricciardo,9,6,56
1028,817,2,6,1:42.902,102902,102.902,RIC,Ricciardo,9,6,56
1028,817,3,6,1:43.193,103193,103.193,RIC,Ricciardo,9,6,56
1028,817,4,6,1:42.353,102353,102.353,RIC,Ricciardo,9,6,56
1028,817,5,6,1:42.257,102257,102.257,RIC,Ricciardo,9,6,56
1028,817,6,6,1:42.204,102204,102.204,RIC,Ricciardo,9,6,56
1028,817,7,6,1:42.559,102559,102.559,RIC,Ricciardo,9,6,56
1028,817,8,5,1:42.528,102528,102.528,RIC,Ricciardo,9,6,56
1028,817,9,5,1:42.900,102900,102.9,RIC,Ricciardo,9,6,56
1028,817,10,5,1:42.579,102579,102.579,RIC,Ricciardo,9,6,56
1028,817,11,5,1:43.280,103280,103.28,RIC,Ricciardo,9,6,56
1028,817,12,5,1:42.841,102841,102.841,RIC,Ricciardo,9,6,56
1028,817,13,5,1:42.790,102790,102.79,RIC,Ricciardo,9,6,56
1028,817,14,5,1:42.900,102900,102.9,RIC,Ricciardo,9,6,56
1028,817,15,5,1:42.648,102648,102.648,RIC,Ricciardo,9,6,56
1028,817,16,5,1:42.732,102732,102.732,RIC,Ricciardo,9,6,56
1028,817,17,5,1:42.660,102660,102.66,RIC,Ricciardo,9,6,56
1028,817,18,5,1:42.741,102741,102.741,RIC,Ricciardo,9,6,56
1028,817,19,5,1:42.724,102724,102.724,RIC,Ricciardo,9,6,56
1028,817,20,5,1:43.287,103287,103.287,RIC,Ricciardo,9,6,56
1028,817,21,4,1:43.950,103950,103.95,RIC,Ricciardo,9,6,56
1028,817,22,7,2:00.493,120493,120.493,RIC,Ricciardo,9,6,56
1028,817,23,6,1:41.180,101180,101.18,RIC,Ricciardo,9,6,56
1028,817,24,5,1:41.127,101127,101.127,RIC,Ricciardo,9,6,56
1028,817,25,5,1:41.717,101717,101.717,RIC,Ricciardo,9,6,56
1028,817,26,5,1:41.217,101217,101.217,RIC,Ricciardo,9,6,56
1028,817,27,5,1:41.096,101096,101.096,RIC,Ricciardo,9,6,56
1028,817,28,5,1:40.564,100564,100.564,RIC,Ricciardo,9,6,56
1028,817,29,5,1:40.580,100580,100.58,RIC,Ricciardo,9,6,56
1028,817,30,5,1:41.960,101960,101.96,RIC,Ricciardo,9,6,56
1028,817,31,5,1:41.499,101499,101.499,RIC,Ricciardo,9,6,56
1028,817,32,5,1:41.222,101222,101.222,RIC,Ricciardo,9,6,56
1028,817,33,5,1:41.775,101775,101.775,RIC,Ricciardo,9,6,56
1028,817,34,5,1:41.560,101560,101.56,RIC,Ricciardo,9,6,56
1028,817,35,5,1:41.815,101815,101.815,RIC,Ricciardo,9,6,56
1028,817,36,5,1:41.124,101124,101.124,RIC,Ricciardo,9,6,56
1028,817,37,6,1:42.149,102149,102.149,RIC,Ricciardo,9,6,56
1028,817,38,6,1:41.307,101307,101.307,RIC,Ricciardo,9,6,56
1028,817,39,6,1:41.534,101534,101.534,RIC,Ricciardo,9,6,56
1028,817,40,6,1:41.705,101705,101.705,RIC,Ricciardo,9,6,56
1028,817,41,5,1:40.939,100939,100.939,RIC,Ricciardo,9,6,56
1028,817,42,5,1:41.102,101102,101.102,RIC,Ricciardo,9,6,56
1028,817,43,5,1:41.125,101125,101.125,RIC,Ricciardo,9,6,56
1028,817,44,5,1:40.750,100750,100.75,RIC,Ricciardo,9,6,56
1028,817,45,5,1:41.420,101420,101.42,RIC,Ricciardo,9,6,56
1028,817,46,5,1:40.863,100863,100.863,RIC,Ricciardo,9,6,56
1028,817,47,5,1:40.655,100655,100.655,RIC,Ricciardo,9,6,56
1028,817,48,6,1:41.550,101550,101.55,RIC,Ricciardo,9,6,56
1028,817,49,6,1:40.806,100806,100.806,RIC,Ricciardo,9,6,56
1028,817,50,6,1:40.706,100706,100.706,RIC,Ricciardo,9,6,56
1028,817,51,6,1:40.689,100689,100.689,RIC,Ricciardo,9,6,56
1028,817,52,6,1:40.895,100895,100.895,RIC,Ricciardo,9,6,56
1028,817,53,6,1:40.666,100666,100.666,RIC,Ricciardo,9,6,56
1028,817,54,6,1:41.753,101753,101.753,RIC,Ricciardo,9,6,56
1028,817,55,6,1:41.784,101784,101.784,RIC,Ricciardo,9,6,56
1028,817,56,6,1:41.778,101778,101.778,RIC,Ricciardo,9,6,56
1028,822,1,1,1:40.317,100317,100.317,BOT,Bottas,1,1,56
1028,822,2,1,1:41.436,101436,101.436,BOT,Bottas,1,1,56
1028,822,3,1,1:40.986,100986,100.986,BOT,Bottas,1,1,56
1028,822,4,1,1:40.789,100789,100.789,BOT,Bottas,1,1,56
1028,822,5,1,1:40.429,100429,100.429,BOT,Bottas,1,1,56
1028,822,6,1,1:40.847,100847,100.847,BOT,Bottas,1,1,56
1028,822,7,1,1:41.578,101578,101.578,BOT,Bottas,1,1,56
1028,822,8,1,1:41.390,101390,101.39,BOT,Bottas,1,1,56
1028,822,9,1,1:42.044,102044,102.044,BOT,Bottas,1,1,56
1028,822,10,1,1:40.988,100988,100.988,BOT,Bottas,1,1,56
1028,822,11,1,1:41.535,101535,101.535,BOT,Bottas,1,1,56
1028,822,12,1,1:41.354,101354,101.354,BOT,Bottas,1,1,56
1028,822,13,1,1:41.069,101069,101.069,BOT,Bottas,1,1,56
1028,822,14,1,1:41.054,101054,101.054,BOT,Bottas,1,1,56
1028,822,15,3,1:59.238,119238,119.238,BOT,Bottas,1,1,56
1028,822,16,2,1:39.201,99201,99.201,BOT,Bottas,1,1,56
1028,822,17,2,1:38.943,98943,98.943,BOT,Bottas,1,1,56
1028,822,18,2,1:38.969,98969,98.969,BOT,Bottas,1,1,56
1028,822,19,2,1:38.916,98916,98.916,BOT,Bottas,1,1,56
1028,822,20,2,1:40.135,100135,100.135,BOT,Bottas,1,1,56
1028,822,21,2,1:39.927,99927,99.927,BOT,Bottas,1,1,56
1028,822,22,2,1:40.284,100284,100.284,BOT,Bottas,1,1,56
1028,822,23,2,1:40.401,100401,100.401,BOT,Bottas,1,1,56
1028,822,24,1,1:40.454,100454,100.454,BOT,Bottas,1,1,56
1028,822,25,1,1:40.094,100094,100.094,BOT,Bottas,1,1,56
1028,822,26,1,1:40.136,100136,100.136,BOT,Bottas,1,1,56
1028,822,27,1,1:39.770,99770,99.77,BOT,Bottas,1,1,56
1028,822,28,1,1:39.957,99957,99.957,BOT,Bottas,1,1,56
1028,822,29,1,1:39.618,99618,99.618,BOT,Bottas,1,1,56
1028,822,30,1,1:40.311,100311,100.311,BOT,Bottas,1,1,56
1028,822,31,1,1:40.312,100312,100.312,BOT,Bottas,1,1,56
1028,822,32,1,1:40.325,100325,100.325,BOT,Bottas,1,1,56
1028,822,33,1,1:41.418,101418,101.418,BOT,Bottas,1,1,56
1028,822,34,1,1:41.179,101179,101.179,BOT,Bottas,1,1,56
1028,822,35,1,1:40.319,100319,100.319,BOT,Bottas,1,1,56
1028,822,36,2,1:59.268,119268,119.268,BOT,Bottas,1,1,56
1028,822,37,2,1:36.957,96957,96.957,BOT,Bottas,1,1,56
1028,822,38,2,1:38.668,98668,98.668,BOT,Bottas,1,1,56
1028,822,39,2,1:39.578,99578,99.578,BOT,Bottas,1,1,56
1028,822,40,2,1:38.106,98106,98.106,BOT,Bottas,1,1,56
1028,822,41,2,1:38.814,98814,98.814,BOT,Bottas,1,1,56
1028,822,42,2,1:39.183,99183,99.183,BOT,Bottas,1,1,56
1028,822,43,2,1:38.606,98606,98.606,BOT,Bottas,1,1,56
1028,822,44,2,1:38.691,98691,98.691,BOT,Bottas,1,1,56
1028,822,45,2,1:38.680,98680,98.68,BOT,Bottas,1,1,56
1028,822,46,2,1:39.097,99097,99.097,BOT,Bottas,1,1,56
1028,822,47,2,1:38.637,98637,98.637,BOT,Bottas,1,1,56
1028,822,48,2,1:38.456,98456,98.456,BOT,Bottas,1,1,56
1028,822,49,2,1:38.566,98566,98.566,BOT,Bottas,1,1,56
1028,822,50,2,1:39.667,99667,99.667,BOT,Bottas,1,1,56
1028,822,51,2,1:40.412,100412,100.412,BOT,Bottas,1,1,56
1028,822,52,1,1:39.216,99216,99.216,BOT,Bottas,1,1,56
1028,822,53,1,1:39.393,99393,99.393,BOT,Bottas,1,1,56
1028,822,54,1,1:39.054,99054,99.054,BOT,Bottas,1,1,56
1028,822,55,1,1:40.530,100530,100.53,BOT,Bottas,1,1,56
1028,822,56,1,1:40.351,100351,100.351,BOT,Bottas,1,1,56
1028,830,1,2,1:41.552,101552,101.552,VER,Verstappen,3,3,56
1028,830,2,2,1:41.456,101456,101.456,VER,Verstappen,3,3,56
1028,830,3,2,1:41.104,101104,101.104,VER,Verstappen,3,3,56
1028,830,4,2,1:41.011,101011,101.011,VER,Verstappen,3,3,56
1028,830,5,2,1:40.651,100651,100.651,VER,Verstappen,3,3,56
1028,830,6,2,1:40.895,100895,100.895,VER,Verstappen,3,3,56
1028,830,7,2,1:41.796,101796,101.796,VER,Verstappen,3,3,56
1028,830,8,2,1:41.346,101346,101.346,VER,Verstappen,3,3,56
1028,830,9,2,1:41.983,101983,101.983,VER,Verstappen,3,3,56
1028,830,10,2,1:41.218,101218,101.218,VER,Verstappen,3,3,56
1028,830,11,2,1:41.851,101851,101.851,VER,Verstappen,3,3,56
1028,830,12,2,1:41.879,101879,101.879,VER,Verstappen,3,3,56
1028,830,13,2,1:41.800,101800,101.8,VER,Verstappen,3,3,56
1028,830,14,4,1:58.764,118764,118.764,VER,Verstappen,3,3,56
1028,830,15,4,1:39.604,99604,99.604,VER,Verstappen,3,3,56
1028,830,16,3,1:40.230,100230,100.23,VER,Verstappen,3,3,56
1028,830,17,3,1:39.798,99798,99.798,VER,Verstappen,3,3,56
1028,830,18,3,1:39.967,99967,99.967,VER,Verstappen,3,3,56
1028,830,19,3,1:39.835,99835,99.835,VER,Verstappen,3,3,56
1028,830,20,3,1:40.191,100191,100.191,VER,Verstappen,3,3,56
1028,830,21,3,1:40.746,100746,100.746,VER,Verstappen,3,3,56
1028,830,22,3,1:39.954,99954,99.954,VER,Verstappen,3,3,56
1028,830,23,3,1:39.716,99716,99.716,VER,Verstappen,3,3,56
1028,830,24,3,1:40.442,100442,100.442,VER,Verstappen,3,3,56
1028,830,25,2,1:40.264,100264,100.264,VER,Verstappen,3,3,56
1028,830,26,2,1:40.417,100417,100.417,VER,Verstappen,3,3,56
1028,830,27,2,1:40.130,100130,100.13,VER,Verstappen,3,3,56
1028,830,28,2,1:40.097,100097,100.097,VER,Verstappen,3,3,56
1028,830,29,2,1:39.733,99733,99.733,VER,Verstappen,3,3,56
1028,830,30,2,1:40.581,100581,100.581,VER,Verstappen,3,3,56
1028,830,31,2,1:40.622,100622,100.622,VER,Verstappen,3,3,56
1028,830,32,2,1:40.738,100738,100.738,VER,Verstappen,3,3,56
1028,830,33,2,1:40.911,100911,100.911,VER,Verstappen,3,3,56
1028,830,34,2,1:41.491,101491,101.491,VER,Verstappen,3,3,56
1028,830,35,3,1:58.421,118421,118.421,VER,Verstappen,3,3,56
1028,830,36,3,1:38.632,98632,98.632,VER,Verstappen,3,3,56
1028,830,37,3,1:38.691,98691,98.691,VER,Verstappen,3,3,56
1028,830,38,3,1:38.339,98339,98.339,VER,Verstappen,3,3,56
1028,830,39,3,1:38.712,98712,98.712,VER,Verstappen,3,3,56
1028,830,40,3,1:39.033,99033,99.033,VER,Verstappen,3,3,56
1028,830,41,3,1:39.124,99124,99.124,VER,Verstappen,3,3,56
1028,830,42,3,1:38.214,98214,98.214,VER,Verstappen,3,3,56
1028,830,43,3,1:38.722,98722,98.722,VER,Verstappen,3,3,56
1028,830,44,3,1:38.980,98980,98.98,VER,Verstappen,3,3,56
1028,830,45,3,1:38.798,98798,98.798,VER,Verstappen,3,3,56
1028,830,46,3,1:38.961,98961,98.961,VER,Verstappen,3,3,56
1028,830,47,3,1:38.441,98441,98.441,VER,Verstappen,3,3,56
1028,830,48,3,1:38.404,98404,98.404,VER,Verstappen,3,3,56
1028,830,49,3,1:38.400,98400,98.4,VER,Verstappen,3,3,56
1028,830,50,3,1:38.746,98746,98.746,VER,Verstappen,3,3,56
1028,830,51,3,1:39.218,99218,99.218,VER,Verstappen,3,3,56
1028,830,52,3,1:40.840,100840,100.84,VER,Verstappen,3,3,56
1028,830,53,3,1:38.866,98866,98.866,VER,Verstappen,3,3,56
1028,830,54,3,1:39.192,99192,99.192,VER,Verstappen,3,3,56
1028,830,55,3,1:40.706,100706,100.706,VER,Verstappen,3,3,56
1028,830,56,3,1:40.442,100442,100.442,VER,Verstappen,3,3,56
1028,844,1,4,1:44.832,104832,104.832,LEC,Leclerc,4,4,56
1028,844,2,4,1:42.605,102605,102.605,LEC,Leclerc,4,4,56
1028,844,3,4,1:41.743,101743,101.743,LEC,Leclerc,4,4,56
1028,844,4,4,1:41.504,101504,101.504,LEC,Leclerc,4,4,56
1028,844,5,4,1:41.759,101759,101.759,LEC,Leclerc,4,4,56
1028,844,6,4,1:41.722,101722,101.722,LEC,Leclerc,4,4,56
1028,844,7,4,1:42.576,102576,102.576,LEC,Leclerc,4,4,56
1028,844,8,4,1:42.048,102048,102.048,LEC,Leclerc,4,4,56
1028,844,9,4,1:42.567,102567,102.567,LEC,Leclerc,4,4,56
1028,844,10,4,1:41.953,101953,101.953,LEC,Leclerc,4,4,56
1028,844,11,4,1:42.440,102440,102.44,LEC,Leclerc,4,4,56
1028,844,12,4,1:42.593,102593,102.593,LEC,Leclerc,4,4,56
1028,844,13,4,1:42.328,102328,102.328,LEC,Leclerc,4,4,56
1028,844,14,3,1:41.866,101866,101.866,LEC,Leclerc,4,4,56
1028,844,15,2,1:42.183,102183,102.183,LEC,Leclerc,4,4,56
1028,844,16,4,1:44.010,104010,104.01,LEC,Leclerc,4,4,56
1028,844,17,4,1:42.847,102847,102.847,LEC,Leclerc,4,4,56
1028,844,18,4,1:42.450,102450,102.45,LEC,Leclerc,4,4,56
1028,844,19,4,1:42.726,102726,102.726,LEC,Leclerc,4,4,56
1028,844,20,4,1:43.822,103822,103.822,LEC,Leclerc,4,4,56
1028,844,21,6,2:06.846,126846,126.846,LEC,Leclerc,4,4,56
1028,844,22,4,1:40.133,100133,100.133,LEC,Leclerc,4,4,56
1028,844,23,4,1:40.400,100400,100.4,LEC,Leclerc,4,4,56
1028,844,24,4,1:39.740,99740,99.74,LEC,Leclerc,4,4,56
1028,844,25,4,1:39.719,99719,99.719,LEC,Leclerc,4,4,56
1028,844,26,4,1:39.361,99361,99.361,LEC,Leclerc,4,4,56
1028,844,27,4,1:39.578,99578,99.578,LEC,Leclerc,4,4,56
1028,844,28,4,1:39.636,99636,99.636,LEC,Leclerc,4,4,56
1028,844,29,4,1:39.763,99763,99.763,LEC,Leclerc,4,4,56
1028,844,30,4,1:39.839,99839,99.839,LEC,Leclerc,4,4,56
1028,844,31,4,1:39.492,99492,99.492,LEC,Leclerc,4,4,56
1028,844,32,4,1:39.804,99804,99.804,LEC,Leclerc,4,4,56
1028,844,33,4,1:39.742,99742,99.742,LEC,Leclerc,4,4,56
1028,844,34,4,1:39.806,99806,99.806,LEC,Leclerc,4,4,56
1028,844,35,4,1:40.515,100515,100.515,LEC,Leclerc,4,4,56
1028,844,36,4,1:40.580,100580,100.58,LEC,Leclerc,4,4,56
1028,844,37,4,1:40.782,100782,100.782,LEC,Leclerc,4,4,56
1028,844,38,4,1:40.689,100689,100.689,LEC,Leclerc,4,4,56
1028,844,39,4,1:40.487,100487,100.487,LEC,Leclerc,4,4,56
1028,844,40,4,1:40.666,100666,100.666,LEC,Leclerc,4,4,56
1028,844,41,4,1:41.016,101016,101.016,LEC,Leclerc,4,4,56
1028,844,42,4,1:42.087,102087,102.087,LEC,Leclerc,4,4,56
1028,844,43,4,2:01.196,121196,121.196,LEC,Leclerc,4,4,56
1028,844,44,4,1:36.169,96169,96.169,LEC,Leclerc,4,4,56
1028,844,45,4,1:40.235,100235,100.235,LEC,Leclerc,4,4,56
1028,844,46,4,1:39.026,99026,99.026,LEC,Leclerc,4,4,56
1028,844,47,4,1:38.543,98543,98.543,LEC,Leclerc,4,4,56
1028,844,48,4,1:38.685,98685,98.685,LEC,Leclerc,4,4,56
1028,844,49,4,1:38.600,98600,98.6,LEC,Leclerc,4,4,56
1028,844,50,4,1:38.897,98897,98.897,LEC,Leclerc,4,4,56
1028,844,51,4,1:38.649,98649,98.649,LEC,Leclerc,4,4,56
1028,844,52,4,1:38.464,98464,98.464,LEC,Leclerc,4,4,56
1028,844,53,4,1:38.223,98223,98.223,LEC,Leclerc,4,4,56
1028,844,54,4,1:38.475,98475,98.475,LEC,Leclerc,4,4,56
1028,844,55,4,1:40.523,100523,100.523,LEC,Leclerc,4,4,56
1028,844,56,4,1:40.952,100952,100.952,LEC,Leclerc,4,4,56
1028,846,1,5,1:45.748,105748,105.748,NOR,Norris,8,7,56
1028,846,2,5,1:43.433,103433,103.433,NOR,Norris,8,7,56
1028,846,3,5,1:42.971,102971,102.971,NOR,Norris,8,7,56
1028,846,4,5,1:42.311,102311,102.311,NOR,Norris,8,7,56
1028,846,5,5,1:42.262,102262,102.262,NOR,Norris,8,7,56
1028,846,6,5,1:42.148,102148,102.148,NOR,Norris,8,7,56
1028,846,7,5,1:42.774,102774,102.774,NOR,Norris,8,7,56
1028,846,8,6,1:44.128,104128,104.128,NOR,Norris,8,7,56
1028,846,9,6,1:43.391,103391,103.391,NOR,Norris,8,7,56
1028,846,10,6,1:43.095,103095,103.095,NOR,Norris,8,7,56
1028,846,11,6,1:43.430,103430,103.43,NOR,Norris,8,7,56
1028,846,12,6,1:43.161,103161,103.161,NOR,Norris,8,7,56
1028,846,13,6,1:42.847,102847,102.847,NOR,Norris,8,7,56
1028,846,14,6,1:42.722,102722,102.722,NOR,Norris,8,7,56
1028,846,15,6,1:42.832,102832,102.832,NOR,Norris,8,7,56
1028,846,16,6,1:43.079,103079,103.079,NOR,Norris,8,7,56
1028,846,17,6,1:42.807,102807,102.807,NOR,Norris,8,7,56
1028,846,18,6,1:43.427,103427,103.427,NOR,Norris,8,7,56
1028,846,19,6,1:43.932,103932,103.932,NOR,Norris,8,7,56
1028,846,20,10,2:02.548,122548,122.548,NOR,Norris,8,7,56
1028,846,21,9,1:40.378,100378,100.378,NOR,Norris,8,7,56
1028,846,22,8,1:40.865,100865,100.865,NOR,Norris,8,7,56
1028,846,23,7,1:41.833,101833,101.833,NOR,Norris,8,7,56
1028,846,24,7,1:41.823,101823,101.823,NOR,Norris,8,7,56
1028,846,25,6,1:40.921,100921,100.921,NOR,Norris,8,7,56
1028,846,26,6,1:41.066,101066,101.066,NOR,Norris,8,7,56
1028,846,27,6,1:40.808,100808,100.808,NOR,Norris,8,7,56
1028,846,28,6,1:40.569,100569,100.569,NOR,Norris,8,7,56
1028,846,29,6,1:40.908,100908,100.908,NOR,Norris,8,7,56
1028,846,30,6,1:42.418,102418,102.418,NOR,Norris,8,7,56
1028,846,31,6,1:41.645,101645,101.645,NOR,Norris,8,7,56
1028,846,32,6,1:41.727,101727,101.727,NOR,Norris,8,7,56
1028,846,33,6,1:41.343,101343,101.343,NOR,Norris,8,7,56
1028,846,34,6,1:41.181,101181,101.181,NOR,Norris,8,7,56
1028,846,35,7,1:43.253,103253,103.253,NOR,Norris,8,7,56
1028,846,36,7,1:42.039,102039,102.039,NOR,Norris,8,7,56
1028,846,37,7,1:41.271,101271,101.271,NOR,Norris,8,7,56
1028,846,38,7,1:41.447,101447,101.447,NOR,Norris,8,7,56
1028,846,39,7,1:41.612,101612,101.612,NOR,Norris,8,7,56
1028,846,40,7,1:41.714,101714,101.714,NOR,Norris,8,7,56
1028,846,41,6,1:41.395,101395,101.395,NOR,Norris,8,7,56
1028,846,42,6,1:41.685,101685,101.685,NOR,Norris,8,7,56
1028,846,43,10,2:00.657,120657,120.657,NOR,Norris,8,7,56
1028,846,44,10,1:38.074,98074,98.074,NOR,Norris,8,7,56
1028,846,45,10,1:39.129,99129,99.129,NOR,Norris,8,7,56
1028,846,46,10,1:39.164,99164,99.164,NOR,Norris,8,7,56
1028,846,47,10,1:39.127,99127,99.127,NOR,Norris,8,7,56
1028,846,48,9,1:39.531,99531,99.531,NOR,Norris,8,7,56
1028,846,49,8,1:39.745,99745,99.745,NOR,Norris,8,7,56
1028,846,50,8,1:39.168,99168,99.168,NOR,Norris,8,7,56
1028,846,51,8,1:39.996,99996,99.996,NOR,Norris,8,7,56
1028,846,52,7,1:38.803,98803,98.803,NOR,Norris,8,7,56
1028,846,53,7,1:39.036,99036,99.036,NOR,Norris,8,7,56
1028,846,54,7,1:39.264,99264,99.264,NOR,Norris,8,7,56
1028,846,55,7,1:39.643,99643,99.643,NOR,Norris,8,7,56
1028,846,56,7,1:40.133,100133,100.133,NOR,Norris,8,7,56
1028,848,1,11,1:49.520,109520,109.52,ALB,Albon,6,5,56
1028,848,2,20,2:10.508,130508,130.508,ALB,Albon,6,5,56
1028,848,3,20,1:40.155,100155,100.155,ALB,Albon,6,5,56
1028,848,4,20,1:40.377,100377,100.377,ALB,Albon,6,5,56
1028,848,5,20,1:40.398,100398,100.398,ALB,Albon,6,5,56
1028,848,6,20,1:41.410,101410,101.41,ALB,Albon,6,5,56
1028,848,7,19,1:41.781,101781,101.781,ALB,Albon,6,5,56
1028,848,8,17,1:43.037,103037,103.037,ALB,Albon,6,5,56
1028,848,9,17,1:41.830,101830,101.83,ALB,Albon,6,5,56
1028,848,10,16,1:42.007,102007,102.007,ALB,Albon,6,5,56
1028,848,11,16,1:44.069,104069,104.069,ALB,Albon,6,5,56
1028,848,12,15,1:42.601,102601,102.601,ALB,Albon,6,5,56
1028,848,13,15,1:43.552,103552,103.552,ALB,Albon,6,5,56
1028,848,14,14,1:43.271,103271,103.271,ALB,Albon,6,5,56
1028,848,15,13,1:41.765,101765,101.765,ALB,Albon,6,5,56
1028,848,16,13,1:42.230,102230,102.23,ALB,Albon,6,5,56
1028,848,17,13,1:42.384,102384,102.384,ALB,Albon,6,5,56
1028,848,18,13,1:42.371,102371,102.371,ALB,Albon,6,5,56
1028,848,19,11,1:42.802,102802,102.802,ALB,Albon,6,5,56
1028,848,20,9,1:43.470,103470,103.47,ALB,Albon,6,5,56
1028,848,21,15,2:00.052,120052,120.052,ALB,Albon,6,5,56
1028,848,22,12,1:40.437,100437,100.437,ALB,Albon,6,5,56
1028,848,23,12,1:39.593,99593,99.593,ALB,Albon,6,5,56
1028,848,24,12,1:40.225,100225,100.225,ALB,Albon,6,5,56
1028,848,25,10,1:39.204,99204,99.204,ALB,Albon,6,5,56
1028,848,26,10,1:39.720,99720,99.72,ALB,Albon,6,5,56
1028,848,27,9,1:41.114,101114,101.114,ALB,Albon,6,5,56
1028,848,28,8,1:40.200,100200,100.2,ALB,Albon,6,5,56
1028,848,29,8,1:39.790,99790,99.79,ALB,Albon,6,5,56
1028,848,30,8,1:40.470,100470,100.47,ALB,Albon,6,5,56
1028,848,31,7,1:40.303,100303,100.303,ALB,Albon,6,5,56
1028,848,32,7,1:39.752,99752,99.752,ALB,Albon,6,5,56
1028,848,33,7,1:40.139,100139,100.139,ALB,Albon,6,5,56
1028,848,34,7,1:40.598,100598,100.598,ALB,Albon,6,5,56
1028,848,35,6,1:40.407,100407,100.407,ALB,Albon,6,5,56
1028,848,36,6,1:41.209,101209,101.209,ALB,Albon,6,5,56
1028,848,37,5,1:40.103,100103,100.103,ALB,Albon,6,5,56
1028,848,38,5,1:40.503,100503,100.503,ALB,Albon,6,5,56
1028,848,39,5,1:40.614,100614,100.614,ALB,Albon,6,5,56
1028,848,40,5,1:40.639,100639,100.639,ALB,Albon,6,5,56
1028,848,41,9,1:58.858,118858,118.858,ALB,Albon,6,5,56
1028,848,42,9,1:38.029,98029,98.029,ALB,Albon,6,5,56
1028,848,43,7,1:38.912,98912,98.912,ALB,Albon,6,5,56
1028,848,44,7,1:38.634,98634,98.634,ALB,Albon,6,5,56
1028,848,45,6,1:39.306,99306,99.306,ALB,Albon,6,5,56
1028,848,46,6,1:38.574,98574,98.574,ALB,Albon,6,5,56
1028,848,47,6,1:38.939,98939,98.939,ALB,Albon,6,5,56
1028,848,48,5,1:38.481,98481,98.481,ALB,Albon,6,5,56
1028,848,49,5,1:39.957,99957,99.957,ALB,Albon,6,5,56
1028,848,50,5,1:39.932,99932,99.932,ALB,Albon,6,5,56
1028,848,51,5,1:39.935,99935,99.935,ALB,Albon,6,5,56
1028,848,52,5,1:40.340,100340,100.34,ALB,Albon,6,5,56
1028,848,53,5,1:40.543,100543,100.543,ALB,Albon,6,5,56
1028,848,54,5,1:39.445,99445,99.445,ALB,Albon,6,5,56
1028,848,55,5,1:38.955,98955,98.955,ALB,Albon,6,5,56
1028,848,56,5,1:40.241,100241,100.241,ALB,Albon,6,5,56
